"health_district","hd_rural","year","total_pop","over_65","under_18","hispanic","black","no_ba","unempl","in_pov","median_hh_income","no_health_ins","snap","rent_under_30","have_internet_sub","total_jobs","perc_ba_jobs","perc_jobs_young_firms","bphigh_crudeprev","cancer_crudeprev","obesity_crudeprev","diabetes_crudeprev","mhlth_crudeprev","phlth_crudeprev","fid","health_access","region_type","name","id"
"Alexandria","urban","2015",149315,9.7525,17.7203,16.561,21.3749,38.6343,4.4056,8.3422,89134,14.3386,4.8685,54.462,88.7465,91189,0.3531,0.0825,26.5,5.7,27.1,8.3,10.9,9.1,1,0.4553,"urban","Alexandria","1"
"Alexandria","urban","2016",151473,10.0176,18.0309,16.7416,21.5735,37.9112,3.8985,9.7749,89200,14.2642,5.4567,53.2717,88.7465,94286,0.3607,0.0854,26.5,5.7,27.1,8.3,10.9,9.1,1,0.2498,"urban","Alexandria","1"
"Alexandria","urban","2017",154710,10.4964,18.0583,16.741,22.0561,38.1663,3.8068,10.4732,93370,13.7246,5.3202,54.5117,88.7465,93704,0.3574,0.0896,26.5,5.7,27.1,8.3,10.9,9.1,1,0.6007,"urban","Alexandria","1"
"Alexandria","urban","2018",156505,10.8259,18.3144,16.7707,21.8817,37.8967,3.1847,10.5928,96733,12.4059,5.0815,55.2463,89.8012,91009,0.3525,0,26.5,5.7,27.1,8.3,10.9,9.1,1,0.3708,"urban","Alexandria","1"
"Alexandria","urban","2019",157613,11.2719,18.166,16.6922,21.7539,36.9035,2.9638,10.3084,100939,10.9486,4.7678,56.5938,91.6102,91009,0.3525,0,26.5,5.7,27.1,8.3,10.9,9.1,1,0.4748,"urban","Alexandria","1"
"Alleghany","mixed","2015",178967,19.2203,20.6943,2.2507,5.7022,71.1715,4.9703,10.1332,49187.3333,7.3523,8.5215,53.23,76.6369,80718,0.1995,0.0723,34.9133,8.4948,31.6669,11.5072,12.6064,12.8419,2,0.5404,"mixed","Alleghany","2"
"Alleghany","mixed","2016",178901,19.8015,20.3677,2.3175,5.6053,71.1297,4.6828,9.7178,49157,7.1189,8.5654,55.4252,76.6369,82007,0.2025,0.0792,34.9133,8.4948,31.6669,11.5072,12.6064,12.8419,2,0.0764,"mixed","Alleghany","2"
"Alleghany","mixed","2017",178384,20.156,20.1582,2.4273,5.6059,70.2272,4.5723,9.4574,52658.1667,6.4141,8.7475,54.9169,76.6369,80249,0.2021,0.0711,34.9133,8.4948,31.6669,11.5072,12.6064,12.8419,2,0.2738,"mixed","Alleghany","2"
"Alleghany","mixed","2018",178305,20.6494,19.8559,2.5064,5.4435,69.9632,4.0479,9.1355,55628.6667,5.7813,7.5878,55.3375,78.4701,81899,0.2001,0,34.9133,8.4948,31.6669,11.5072,12.6064,12.8419,2,0.7566,"mixed","Alleghany","2"
"Alleghany","mixed","2019",178348,21.1799,19.7799,2.6179,5.5453,69.6133,3.3989,8.4701,56876.5,5.4647,7.5304,54.1854,81.3357,81899,0.2001,0,34.9133,8.4948,31.6669,11.5072,12.6064,12.8419,2,0.0016,"mixed","Alleghany","2"
"Arlington","urban","2015",223945,9.0759,16.6527,15.4632,8.4556,27.1152,3.6156,9.0393,105763,9.6731,4.3762,58.3315,90.2424,151123,0.3376,0.0871,23.4,5.3,20.1,6.8,9.9,7.6,3,0.6712,"urban","Arlington","3"
"Arlington","urban","2016",226092,9.3281,17.0493,15.3813,8.6146,26.3354,3.3376,8.7463,108706,8.5848,4.3691,58.2046,90.2424,152644,0.3485,0.0938,23.4,5.3,20.1,6.8,9.9,7.6,3,0.9144,"urban","Arlington","3"
"Arlington","urban","2017",229534,9.8256,17.2968,15.5476,8.8344,25.8666,3.1449,8.1602,112138,7.84,4.2391,58.2372,90.2424,154139,0.3439,0.0938,23.4,5.3,20.1,6.8,9.9,7.6,3,0.9658,"urban","Arlington","3"
"Arlington","urban","2018",231803,10.1306,17.5912,15.6081,8.9632,25.4387,2.8736,7.1508,117374,6.6018,3.7922,59.0083,90.7006,160028,0.3397,0,23.4,5.3,20.1,6.8,9.9,7.6,3,0.0859,"urban","Arlington","3"
"Arlington","urban","2019",233464,10.4791,17.8045,15.5806,9.1492,24.7007,2.6563,6.785,120071,5.9099,3.526,59.2738,91.5315,160028,0.3397,0,23.4,5.3,20.1,6.8,9.9,7.6,3,0.1068,"urban","Arlington","3"
"Central Shenandoah","mixed","2015",291577,16.7102,19.7872,6.2971,5.2689,74.7411,5.2752,15.9562,43311.2,12.9169,10.3309,45.2065,70.86,124963,0.1876,0.0744,32.95,7.5074,32.5795,11.2655,14.4131,13.4431,4,0.3007,"mixed","Central Shenandoah","4"
"Central Shenandoah","mixed","2016",293220,17.155,19.6054,6.5436,5.1241,73.6347,5.2079,15.824,44628.3,12.2634,10.0325,46.3775,70.86,128271,0.1914,0.0787,32.95,7.5074,32.5795,11.2655,14.4131,13.4431,4,0.1928,"mixed","Central Shenandoah","4"
"Central Shenandoah","mixed","2017",294719,17.4325,19.581,6.8384,5.4228,73.6545,4.5938,14.5749,46322.7,12.1325,9.6846,47.7865,70.86,128346,0.1867,0.0894,32.95,7.5074,32.5795,11.2655,14.4131,13.4431,4,0.2082,"mixed","Central Shenandoah","4"
"Central Shenandoah","mixed","2018",296539,17.8253,19.4659,7.1073,5.63,72.9188,4.0323,14.2827,47663,11.1565,9.715,48.1673,73.231,128248,0.1894,0,32.95,7.5074,32.5795,11.2655,14.4131,13.4431,4,0.4018,"mixed","Central Shenandoah","4"
"Central Shenandoah","mixed","2019",298014,18.1834,19.3501,7.3486,5.8548,72.6882,3.8731,13.9109,49688.8,10.0581,9.1815,49.705,76.1331,128248,0.1894,0,32.95,7.5074,32.5795,11.2655,14.4131,13.4431,4,0.3188,"mixed","Central Shenandoah","4"
"Central Virginia","mixed","2015",256989,16.9073,20.5009,2.3122,17.2626,75.0254,6.6241,15.6347,47997,10.9739,12.9269,41.2871,69.9979,92377,0.1749,0.0709,35.2018,7.5221,32.8851,11.9736,14.1656,13.3955,5,0.7449,"mixed","Central Virginia","5"
"Central Virginia","mixed","2016",258062,17.3629,20.2754,2.3696,17.1622,74.1752,5.4537,15.2618,48718.8,10.1205,12.2919,43.4371,69.9979,93150,0.1774,0.0802,35.2018,7.5221,32.8851,11.9736,14.1656,13.3955,5,0.7331,"mixed","Central Virginia","5"
"Central Virginia","mixed","2017",258995,17.7084,20.1498,2.5414,17.1343,73.4993,5.1432,14.1675,50950.2,9.2054,11.7743,43.8197,69.9979,93837,0.1781,0.0859,35.2018,7.5221,32.8851,11.9736,14.1656,13.3955,5,0.1514,"mixed","Central Virginia","5"
"Central Virginia","mixed","2018",260668,18.0878,19.9369,2.7391,17.1912,72.906,4.8259,14.1461,52103.8,9.1308,11.1068,45.379,73.1098,94279,0.1733,0,35.2018,7.5221,32.8851,11.9736,14.1656,13.3955,5,0.64,"mixed","Central Virginia","5"
"Central Virginia","mixed","2019",261652,18.4348,19.8405,2.8668,17.1992,72.5367,4.5308,13.2398,54371.2,8.4747,10.5914,46.37,75.8136,94279,0.1733,0,35.2018,7.5221,32.8851,11.9736,14.1656,13.3955,5,0.1765,"mixed","Central Virginia","5"
"Chesapeake","urban","2015",230601,11.4926,24.6994,5.0568,29.7405,70.3758,7.0713,9.7197,68620,8.7458,9.4531,44.4044,86.7315,100945,0.1859,0.0779,34.6,6.6,33.1,10.5,12.5,11.4,6,0.0379,"urban","Chesapeake","6"
"Chesapeake","urban","2016",233194,11.879,24.5251,5.272,29.7062,69.6247,5.9609,9.4838,69978,8.333,8.791,44.6889,86.7315,101419,0.184,0.08,34.6,6.6,33.1,10.5,12.5,11.4,6,0.5361,"urban","Chesapeake","6"
"Chesapeake","urban","2017",235410,12.1473,24.448,5.6111,29.808,68.5052,5.4911,9.6029,72214,8.1192,7.7658,43.8689,86.7315,102792,0.1858,0.0842,34.6,6.6,33.1,10.5,12.5,11.4,6,0.6922,"urban","Chesapeake","6"
"Chesapeake","urban","2018",237820,12.5427,24.2902,5.9373,29.8932,67.5494,4.8025,8.9817,75790,7.5445,7.7526,42.7175,88.9078,105593,0.1814,0,34.6,6.6,33.1,10.5,12.5,11.4,6,0.5124,"urban","Chesapeake","6"
"Chesapeake","urban","2019",239982,12.9531,24.2427,6.1771,30.0373,66.8422,4.3779,8.5651,78640,7.2554,8.0119,43.2638,90.2533,105593,0.1814,0,34.6,6.6,33.1,10.5,12.5,11.4,6,0.6864,"urban","Chesapeake","6"
"Chesterfield","urban","2015",373898,12.7364,24.3665,7.1824,21.4738,64.5682,6.6833,7.4365,66936.3333,9.3735,7.9539,48.7342,86.5814,147477,0.199,0.0996,32.1134,7.2095,33.6853,11.1064,11.8397,11.1241,7,0.5436,"urban","Chesterfield","7"
"Chesterfield","urban","2016",377679,13.3722,24.0498,7.3743,21.4314,63.8195,6.3528,7.5177,67064,8.5285,7.6864,48.6863,86.5814,154803,0.2007,0.0919,32.1134,7.2095,33.6853,11.1064,11.8397,11.1241,7,0.2272,"urban","Chesterfield","7"
"Chesterfield","urban","2017",381540,13.9267,23.7925,7.6608,21.4379,63.157,5.6198,7.3326,69454,7.8883,7.2087,49.6194,86.5814,156305,0.1988,0.0997,32.1134,7.2095,33.6853,11.1064,11.8397,11.1241,7,0.0368,"urban","Chesterfield","7"
"Chesterfield","urban","2018",385614,14.4888,23.6057,7.917,21.5838,61.8187,4.9153,7.273,72614.6667,7.5326,6.7733,50.8738,88.7145,157652,0.1936,0,32.1134,7.2095,33.6853,11.1064,11.8397,11.1241,7,0.709,"urban","Chesterfield","7"
"Chesterfield","urban","2019",389794,14.9305,23.4283,8.2105,21.7846,61.1193,4.8468,6.9345,75413,7.4999,6.5536,48.7889,89.7703,157652,0.1936,0,32.1134,7.2095,33.6853,11.1064,11.8397,11.1241,7,0.4555,"urban","Chesterfield","7"
"Chickahominy","urban","2015",149739,15.5624,22.2741,2.4215,12.7702,66.6897,4.8702,6.4456,70144.75,6.3702,6.0366,49.1558,81.247,74418,0.2178,0.0793,34.5372,7.9129,29.1179,10.5366,11.8915,11.4162,8,0.412,"urban","Chickahominy","8"
"Chickahominy","urban","2016",151315,16.2112,21.8749,2.5781,12.4165,66.1105,4.2729,6.262,73241.5,6.0421,5.8392,50,81.247,76265,0.2232,0.0773,34.5372,7.9129,29.1179,10.5366,11.8915,11.4162,8,0.5078,"urban","Chickahominy","8"
"Chickahominy","urban","2017",152911,16.8464,21.5367,2.7323,12.2437,64.7229,3.7551,5.96,76276.25,5.6836,5.8206,53.5069,81.247,77797,0.2226,0.0769,34.5372,7.9129,29.1179,10.5366,11.8915,11.4162,8,0.515,"urban","Chickahominy","8"
"Chickahominy","urban","2018",155029,17.4213,21.2992,2.8788,12.1435,63.6008,3.3028,5.7888,79320.75,5.2602,5.3075,53.8909,83.4319,80294,0.2193,0,34.5372,7.9129,29.1179,10.5366,11.8915,11.4162,8,0.2285,"urban","Chickahominy","8"
"Chickahominy","urban","2019",157102,18.024,21.0004,2.9548,12.2971,62.9685,2.9268,5.8624,82121.5,5.1789,5.5219,52.4378,83.8458,80294,0.2193,0,34.5372,7.9129,29.1179,10.5366,11.8915,11.4162,8,0.9383,"urban","Chickahominy","8"
"Crater","mixed","2015",156011,14.6586,20.8947,4.7804,47.6248,84.2125,10.9246,18.5038,42949.5,12.6814,20.71,40.5499,66.4933,53312,0.1677,0.0777,40.0231,6.8562,39.5453,15.1668,14.9562,15.2827,9,0.4517,"mixed","Crater","9"
"Crater","mixed","2016",155875,15.0909,20.4484,4.8898,47.907,83.2269,10.1889,18.7747,43955.5,11.8625,20.5444,41.7538,66.4933,52802,0.1711,0.0749,40.0231,6.8562,39.5453,15.1668,14.9562,15.2827,9,0.914,"mixed","Crater","9"
"Crater","mixed","2017",155493,15.3505,20.9971,5.1616,47.7964,82.9373,9.2949,18.8448,45820.375,10.9741,19.2373,41.8229,66.4933,53955,0.1701,0.0819,40.0231,6.8562,39.5453,15.1668,14.9562,15.2827,9,0.6245,"mixed","Crater","9"
"Crater","mixed","2018",155563,15.5686,21.0609,5.212,48.5289,82.6444,8.6128,17.1232,46943.625,10.4632,18.2123,43.3526,69.9527,54924,0.1663,0,40.0231,6.8562,39.5453,15.1668,14.9562,15.2827,9,0.6836,"mixed","Crater","9"
"Crater","mixed","2019",155284,15.9321,21.1812,5.4423,48.1769,81.7473,7.5797,16.4594,49347.375,9.8256,17.9068,45.8842,73.6111,54924,0.1663,0,40.0231,6.8562,39.5453,15.1668,14.9562,15.2827,9,0.484,"mixed","Crater","9"
"Cumberland Plateau","rural","2015",111064,18.3561,19.4645,0.7914,2.1087,87.8859,8.5504,20.7542,34003,13.5763,20.0162,35.2026,62.0987,33401,0.1639,0.0618,39.7955,8.6,37.1919,14.4021,16.1306,17.9038,10,0.6968,"rural","Cumberland Plateau","10"
"Cumberland Plateau","rural","2016",109802,19.0215,19.3621,0.8014,2.1511,87.3371,7.9616,19.405,34542.25,12.8124,19.7204,38.0416,62.0987,32435,0.1718,0.0634,39.7955,8.6,37.1919,14.4021,16.1306,17.9038,10,0.4173,"rural","Cumberland Plateau","10"
"Cumberland Plateau","rural","2017",108206,19.7281,19.2448,0.8595,2.1339,86.9642,7.4135,19.4277,35284,11.7878,19.031,41.9702,62.0987,32668,0.1681,0.0952,39.7955,8.6,37.1919,14.4021,16.1306,17.9038,10,0.403,"rural","Cumberland Plateau","10"
"Cumberland Plateau","rural","2018",106586,20.529,19.0363,0.7768,2.3127,86.906,7.2333,20.5206,35123,10.9555,18.7083,44.6783,64.1518,31975,0.1685,0,39.7955,8.6,37.1919,14.4021,16.1306,17.9038,10,0.0879,"rural","Cumberland Plateau","10"
"Cumberland Plateau","rural","2019",105288,21.2531,19.0221,0.9317,2.1712,87.0279,6.4011,21.8177,35936.25,10.2671,18.1243,44.0181,66.8769,31975,0.1685,0,39.7955,8.6,37.1919,14.4021,16.1306,17.9038,10,0.6228,"rural","Cumberland Plateau","10"
"Eastern Shore","rural","2015",45299,21.4883,20.6119,8.5763,30.7645,80.7384,7.4,20.4993,37233.5,18.3092,15.2897,43.4813,62.7533,15897,0.1676,0.0777,42.9515,8.8352,40.3924,16.9541,14.3837,16.873,11,0.7563,"rural","Eastern Shore","11"
"Eastern Shore","rural","2016",45178,21.9908,20.614,8.6524,30.7628,80.8145,6.9669,20.0956,37757,17.605,15.9574,38.7102,62.7533,16062,0.1688,0.0864,42.9515,8.8352,40.3924,16.9541,14.3837,16.873,11,0.5416,"rural","Eastern Shore","11"
"Eastern Shore","rural","2017",44838,22.4185,20.6454,8.7181,30.1641,79.4427,5.117,19.9595,41864,16.003,15.5092,41.5098,62.7533,16022,0.1686,0.0855,42.9515,8.8352,40.3924,16.9541,14.3837,16.873,11,0.0969,"rural","Eastern Shore","11"
"Eastern Shore","rural","2018",44699,22.8887,20.7007,8.8839,30.4168,80.638,3.8868,19.6561,43381.5,15.81,15.0604,45.0723,65.1251,16063,0.1699,0,42.9515,8.8352,40.3924,16.9541,14.3837,16.873,11,0.4868,"rural","Eastern Shore","11"
"Eastern Shore","rural","2019",44558,23.6029,20.8223,8.9142,29.8128,79.6777,3.8976,18.744,46650,15.109,13.7953,46.8575,70.0958,16063,0.1699,0,42.9515,8.8352,40.3924,16.9541,14.3837,16.873,11,0.0393,"rural","Eastern Shore","11"
"Fairfax","urban","2015",1165432,11.1312,23.9633,16.0486,9.1893,39.9908,4.7954,5.9468,112790.3333,10.7988,4.5649,52.6888,92.4374,635215,0.3562,0.0925,25.2481,6.4108,22.2889,8.4109,9.7913,8.6015,12,0.0572,"urban","Fairfax","12"
"Fairfax","urban","2016",1170104,11.6108,23.9289,16.0009,9.3346,39.6214,4.6156,5.9576,111212.6667,10.2008,4.4211,52.3728,92.4374,649853,0.3622,0.0898,25.2481,6.4108,22.2889,8.4109,9.7913,8.6015,12,0.5624,"urban","Fairfax","12"
"Fairfax","urban","2017",1179427,12.2158,23.705,16.1141,9.5128,39.2121,4.4159,6.136,113060,9.3818,4.4554,52.0209,92.4374,658744,0.3564,0.0877,25.2481,6.4108,22.2889,8.4109,9.7913,8.6015,12,0.935,"urban","Fairfax","12"
"Fairfax","urban","2018",1181461,12.6414,23.6599,16.1741,9.5471,38.7406,4.1085,6.1747,119167.6667,8.5364,4.2007,51.8686,93.3315,675123,0.3516,0,25.2481,6.4108,22.2889,8.4109,9.7913,8.6015,12,0.0248,"urban","Fairfax","12"
"Fairfax","urban","2019",1183521,13.1165,23.5727,16.2828,9.6509,38.2703,3.8363,6.1429,123140,8.1474,4.1912,52.1629,94.212,675123,0.3516,0,25.2481,6.4108,22.2889,8.4109,9.7913,8.6015,12,0.878,"urban","Fairfax","12"
"Hampton","urban","2015",137081,13.2126,22.0731,5.2035,50.0835,76.7916,9.2177,15.2707,49190,12.4588,13.844,37.8062,79.6359,53411,0.2291,0.0732,36.2,6.5,35.3,13.2,13.6,12.9,13,0.6872,"urban","Hampton","13"
"Hampton","urban","2016",136789,13.6619,21.8058,5.2899,50.3491,75.9993,8.37,15.6189,49890,11.7366,13.9425,40.3046,79.6359,53488,0.2317,0.0749,36.2,6.5,35.3,13.2,13.6,12.9,13,0.6209,"urban","Hampton","13"
"Hampton","urban","2017",136255,14.0861,21.4627,5.4229,50.0701,74.3929,7.3259,14.9319,52021,10.9949,12.8298,41.271,79.6359,54634,0.2246,0.0762,36.2,6.5,35.3,13.2,13.6,12.9,13,0.8212,"urban","Hampton","13"
"Hampton","urban","2018",135583,14.5439,21.2888,5.6047,50.1818,73.2216,6.7499,15.7667,54550,9.5108,12.7076,42.8717,80.5549,54413,0.2224,0,36.2,6.5,35.3,13.2,13.6,12.9,13,0.4875,"urban","Hampton","13"
"Hampton","urban","2019",135041,14.9695,21.1136,5.7634,49.9478,73.0998,5.6393,15.1828,56287,8.1119,12.3349,45.3672,82.2035,54413,0.2224,0,36.2,6.5,35.3,13.2,13.6,12.9,13,0.7368,"urban","Hampton","13"
"Henrico","urban","2015",318864,13.353,23.6003,5.2897,29.5565,59.3194,6.6965,10.7305,61934,10.6585,9.4976,50.3092,83.6657,193978,0.247,0.0816,35.6,6.8,32.3,11.1,11.7,11.1,14,0.4344,"urban","Henrico","14"
"Henrico","urban","2016",321921,13.7928,23.4918,5.2351,29.5908,59.1852,6.3369,10.6026,63699,9.9439,9.3036,50.0853,83.6657,200985,0.255,0.0862,35.6,6.8,32.3,11.1,11.7,11.1,14,0.4089,"urban","Henrico","14"
"Henrico","urban","2017",324073,14.1548,23.308,5.4173,29.5119,57.946,5.836,10.4368,66447,8.705,8.9062,50.2991,83.6657,201454,0.2513,0.0892,35.6,6.8,32.3,11.1,11.7,11.1,14,0.971,"urban","Henrico","14"
"Henrico","urban","2018",325642,14.5844,23.0907,5.515,29.5146,57.0605,5.27,9.9826,68572,8.2741,8.174,50.6412,85.6755,205080,0.2467,0,35.6,6.8,32.3,11.1,11.7,11.1,14,0.308,"urban","Henrico","14"
"Henrico","urban","2019",327535,14.9862,22.9084,5.647,29.7416,56.2834,4.4409,9.1473,70307,7.5708,7.6605,49.8447,86.3806,205080,0.2467,0,35.6,6.8,32.3,11.1,11.7,11.1,14,0.9145,"urban","Henrico","14"
"Lenowisco","mixed","2015",92313,17.38,19.6105,1.4061,3.7568,86.9065,10.8348,22.7457,33366,13.1104,21.9096,36.7881,60.733,25527,0.1713,0.0755,38.9152,8.1761,35.7236,14.3335,16.4723,17.7044,15,0.7568,"mixed","Lenowisco","15"
"Lenowisco","mixed","2016",91341,17.9011,19.5192,1.4539,3.8701,86.7043,10.3401,22.4777,32986.5,13.0474,21.5794,34.677,60.733,25310,0.183,0.0743,38.9152,8.1761,35.7236,14.3335,16.4723,17.7044,15,0.8243,"mixed","Lenowisco","15"
"Lenowisco","mixed","2017",90300,18.5327,19.526,1.4352,3.9502,86.8888,9.3568,21.3163,34135.25,11.8853,22.183,35.1111,60.733,26148,0.1788,0.0724,38.9152,8.1761,35.7236,14.3335,16.4723,17.7044,15,0.7062,"mixed","Lenowisco","15"
"Lenowisco","mixed","2018",89158,19.1009,19.4262,1.4267,4.0456,86.2896,8.7573,21.998,34569.5,11.5601,22.9368,33.6965,61.1256,25102,0.1727,0,38.9152,8.1761,35.7236,14.3335,16.4723,17.7044,15,0.1579,"mixed","Lenowisco","15"
"Lenowisco","mixed","2019",88306,19.9148,19.0802,1.4722,3.7812,86.1647,8.2093,21.6085,35149,10.9442,21.4677,34.201,61.0761,25102,0.1727,0,38.9152,8.1761,35.7236,14.3335,16.4723,17.7044,15,0.827,"mixed","Lenowisco","15"
"Lord Fairfax","mixed","2015",227855,16.1682,22.5499,6.8943,4.4919,76.0117,6.3243,10.594,56751.8333,12.9086,9.5926,46.0143,73.7332,85192,0.1874,0.0844,34.1037,7.891,32.7145,11.3421,13.5082,13.4033,16,0.6393,"mixed","Lord Fairfax","16"
"Lord Fairfax","mixed","2016",229400,16.6818,22.2677,7.0218,4.1151,75.8294,5.7098,9.9688,57765.8333,12.1468,9.3795,45.2141,73.7332,88345,0.1869,0.0797,34.1037,7.891,32.7145,11.3421,13.5082,13.4033,16,0.982,"mixed","Lord Fairfax","16"
"Lord Fairfax","mixed","2017",231170,17.0935,22.3117,7.3059,4.0373,75.8167,4.9522,9.46,59653.8333,11.4917,9.1906,48.2421,73.7332,90722,0.188,0.09,34.1037,7.891,32.7145,11.3421,13.5082,13.4033,16,0.6888,"mixed","Lord Fairfax","16"
"Lord Fairfax","mixed","2018",233550,17.5337,22.2346,7.6181,4.1255,75.1941,4.5739,10.2831,62674,11.2336,8.5852,46.9546,75.9439,91360,0.1887,0,34.1037,7.891,32.7145,11.3421,13.5082,13.4033,16,0.764,"mixed","Lord Fairfax","16"
"Lord Fairfax","mixed","2019",235239,17.9566,22.1345,7.9064,4.1804,74.8133,4.139,9.9614,65834.3333,10.0395,8.5964,49.3911,78.4595,91360,0.1887,0,34.1037,7.891,32.7145,11.3421,13.5082,13.4033,16,0.6191,"mixed","Lord Fairfax","16"
"Loudoun","urban","2015",351129,7.6103,29.7198,13.1783,7.432,41.8293,4.0091,4.0217,123453,7.9709,3.4267,52.7088,93.2357,152433,0.3079,0.1118,24.6,5.6,23.4,7.5,9.7,8.4,17,0.2042,"urban","Loudoun","17"
"Loudoun","urban","2016",362435,8.0097,29.3799,13.3009,7.3392,41.1599,3.8977,3.9674,125672,7.4711,3.3782,51.1716,93.2357,160597,0.314,0.1127,24.6,5.6,23.4,7.5,9.7,8.4,17,0.4509,"urban","Loudoun","17"
"Loudoun","urban","2017",374558,8.3223,29.0377,13.4628,7.5644,40.1978,3.7478,3.682,129588,6.7624,3.5771,51.4779,93.2357,167435,0.3089,0.1155,24.6,5.6,23.4,7.5,9.7,8.4,17,0.4719,"urban","Loudoun","17"
"Loudoun","urban","2018",385143,8.6371,28.8168,13.5324,7.4609,39.2091,3.4659,3.7119,136268,6.1986,3.3493,50.5073,93.8727,167848,0.3081,0,24.6,5.6,23.4,7.5,9.7,8.4,17,0.4397,"urban","Loudoun","17"
"Loudoun","urban","2019",395134,9.0134,28.502,13.6187,7.5686,38.6564,3.2208,3.3949,142299,5.7321,3.1383,51.9567,94.776,167848,0.3081,0,24.6,5.6,23.4,7.5,9.7,8.4,17,0.987,"urban","Loudoun","17"
"Mount Rogers","mixed","2015",192174,20.0428,19.6182,2.3723,2.582,82.392,7.7615,16.6084,37357.625,12.8677,16.8707,43.613,67.1989,73521,0.1591,0.0765,38.6038,8.7745,33.9526,13.2726,14.8162,16.1531,18,0.8238,"mixed","Mount Rogers","18"
"Mount Rogers","mixed","2016",190969,20.5698,19.5163,2.413,2.5522,82.1064,6.8354,16.643,38548.75,12.0125,16.1815,43.5499,67.1989,74762,0.1609,0.0705,38.6038,8.7745,33.9526,13.2726,14.8162,16.1531,18,0.2321,"mixed","Mount Rogers","18"
"Mount Rogers","mixed","2017",190667,21.0619,19.3599,2.2421,2.7577,81.9425,6.1325,16.2462,40097.75,11.1621,15.4485,43.2198,67.1989,74675,0.1594,0.0733,38.6038,8.7745,33.9526,13.2726,14.8162,16.1531,18,0.9434,"mixed","Mount Rogers","18"
"Mount Rogers","mixed","2018",189882,21.5982,19.1024,2.3968,2.7654,82.1703,5.7291,17.0844,41573,10.4523,14.7744,43.3999,70.5908,73824,0.1586,0,38.6038,8.7745,33.9526,13.2726,14.8162,16.1531,18,0.1257,"mixed","Mount Rogers","18"
"Mount Rogers","mixed","2019",189042,22.0951,19.027,2.5428,2.6761,81.4627,5.1316,16.7464,42472,9.9326,14.4689,45.46,72.5121,73824,0.1586,0,38.6038,8.7745,33.9526,13.2726,14.8162,16.1531,18,0.5046,"mixed","Mount Rogers","18"
"New River","urban","2015",180482,13.8784,17.0499,2.4767,4.6708,67.7009,6.1143,21.0417,43693,9.4264,10.8829,39.1727,77.0306,69800,0.2076,0.0822,29.2331,6.4743,30.6216,9.7992,14.5709,12.1709,19,0.5868,"urban","New River","19"
"New River","urban","2016",181288,14.2161,16.8869,2.5633,4.714,67.4527,5.6081,20.9045,45120.2,8.4671,9.8112,41.9803,77.0306,70734,0.2173,0.0751,29.2331,6.4743,30.6216,9.7992,14.5709,12.1709,19,0.4424,"urban","New River","19"
"New River","urban","2017",181863,14.7479,16.5487,2.6119,4.6491,66.835,5.1691,20.6857,47465.4,7.6219,9.1747,44.7766,77.0306,70917,0.2123,0.0708,29.2331,6.4743,30.6216,9.7992,14.5709,12.1709,19,0.7963,"urban","New River","19"
"New River","urban","2018",182341,15.1343,16.4669,2.7174,4.6199,66.0386,4.8359,20.6971,49245.8,6.9724,8.8068,44.2045,79.0504,71691,0.21,0,29.2331,6.4743,30.6216,9.7992,14.5709,12.1709,19,0.8833,"urban","New River","19"
"New River","urban","2019",182489,15.5094,16.2919,2.7695,4.5362,66.1132,4.3881,20.407,50836.2,6.9999,8.4559,45.4759,81.2383,71691,0.21,0,29.2331,6.4743,30.6216,9.7992,14.5709,12.1709,19,0.2494,"urban","New River","19"
"Norfolk","urban","2015",245452,9.7327,20.327,7.2446,42.1459,73.8569,9.0389,20.9947,44480,16.0862,17.8839,40.6997,79.2387,129354,0.2188,0.0619,33.4,5.3,36.3,10.8,15.5,12.2,20,0.5186,"urban","Norfolk","20"
"Norfolk","urban","2016",245724,9.9469,20.2259,7.4246,42.1823,73.3884,8.0005,21.0388,45268,14.6066,17.6005,41.5981,79.2387,129785,0.2215,0.0627,33.4,5.3,36.3,10.8,15.5,12.2,20,0.8136,"urban","Norfolk","20"
"Norfolk","urban","2017",245752,10.2831,20.0312,7.6154,42.022,72.7077,7.0135,21.019,47137,13.7689,16.8552,42.5569,79.2387,130701,0.2209,0.0712,33.4,5.3,36.3,10.8,15.5,12.2,20,0.9527,"urban","Norfolk","20"
"Norfolk","urban","2018",245592,10.5573,19.8699,7.8826,41.5799,71.9935,6.7232,19.7074,49146,12.9257,15.8165,43.4505,81.6199,129458,0.2177,0,33.4,5.3,36.3,10.8,15.5,12.2,20,0.4391,"urban","Norfolk","20"
"Norfolk","urban","2019",244601,10.8626,19.7072,8.0425,41.1482,71.1706,6.1917,18.7491,51590,11.8978,15.1517,45.4793,83.5908,129458,0.2177,0,33.4,5.3,36.3,10.8,15.5,12.2,20,0.1434,"urban","Norfolk","20"
"Peninsula","urban","2015",345298,14.4658,22.6373,6.8164,27.2672,65.8341,7.0043,12.0289,67982,10.1056,10.7232,44.9993,82.2397,157685,0.1788,0.071,33.1531,7.0823,32.5094,11.3697,12.6942,11.5047,21,0.5865,"urban","Peninsula","21"
"Peninsula","urban","2016",347481,14.9211,22.4519,6.9728,27.0337,64.8334,6.5557,12.1807,69691.8,9.5468,10.4852,44.9967,82.2397,157985,0.1865,0.0683,33.1531,7.0823,32.5094,11.3697,12.6942,11.5047,21,0.7296,"urban","Peninsula","21"
"Peninsula","urban","2017",347838,15.3347,22.336,7.1959,27.0235,64.6133,6.1833,12.0119,72313.8,9.2564,10.4049,44.841,82.2397,159019,0.1878,0.0705,33.1531,7.0823,32.5094,11.3697,12.6942,11.5047,21,0.4803,"urban","Peninsula","21"
"Peninsula","urban","2018",348712,15.7723,22.2261,7.3023,27.0986,63.3795,5.5943,11.4684,75658.6,8.6984,9.5013,44.3945,81.1239,164101,0.1859,0,33.1531,7.0823,32.5094,11.3697,12.6942,11.5047,21,0.5147,"urban","Peninsula","21"
"Peninsula","urban","2019",349588,16.1676,22.1006,7.5005,27.1883,62.4367,5.0983,11.2923,77508.6,8.2009,8.6169,45.2368,82.1752,164101,0.1859,0,33.1531,7.0823,32.5094,11.3697,12.6942,11.5047,21,0.717,"urban","Peninsula","21"
"Piedmont","mixed","2015",103308,17.3297,19.4457,2.206,33.1059,84.6316,8.0722,19.8245,41292.5714,14.5594,19.3812,36.883,60.2267,26212,0.178,0.0896,40.3654,7.5171,37.1633,14.8439,15.2383,15.7726,22,0.0258,"mixed","Piedmont","22"
"Piedmont","mixed","2016",102992,17.8315,19.2549,2.3041,32.5608,84.7525,7.028,19.2382,41736,13.6267,18.2664,36.7474,60.2267,27103,0.1771,0.0912,40.3654,7.5171,37.1633,14.8439,15.2383,15.7726,22,0.3215,"mixed","Piedmont","22"
"Piedmont","mixed","2017",102632,18.353,19.2864,2.7584,32.1381,84.9038,5.8266,19.3611,44087,12.1771,18.1866,39.5253,60.2267,26813,0.1762,0.0904,40.3654,7.5171,37.1633,14.8439,15.2383,15.7726,22,0.4081,"mixed","Piedmont","22"
"Piedmont","mixed","2018",102473,18.7874,19.1182,3.0711,31.8679,84.3966,5.3437,18.8229,45878,11.7541,17.1826,40.2553,63.6753,26661,0.1744,0,40.3654,7.5171,37.1633,14.8439,15.2383,15.7726,22,0.3383,"mixed","Piedmont","22"
"Piedmont","mixed","2019",102496,19.3149,18.9734,3.3143,31.3524,84.0109,5.3121,17.2889,47436.1429,10.6831,15.1789,41.3079,65.0633,26661,0.1744,0,40.3654,7.5171,37.1633,14.8439,15.2383,15.7726,22,0.9965,"mixed","Piedmont","22"
"Pittsylvania-Danville","rural","2015",105244,19.2267,20.8525,2.7612,32.4056,84.4053,9.6151,19.09,37069.5,12.3036,20.5996,47.44,63.4767,39370,0.1522,0.0855,42.1714,8.263,37.2344,15.7268,15.137,16.6949,23,0.5054,"rural","Pittsylvania-Danville","23"
"Pittsylvania-Danville","rural","2016",104752,19.719,20.77,2.9002,32.471,83.9727,8.6685,18.0337,38404,11.0913,20.1067,48.411,63.4767,39837,0.1548,0.0803,42.1714,8.263,37.2344,15.7268,15.137,16.6949,23,0.4756,"rural","Pittsylvania-Danville","23"
"Pittsylvania-Danville","rural","2017",103881,20.1278,20.6804,3.0487,32.467,84.0193,7.9716,17.3897,39653.5,10.4134,19.4297,48.7575,63.4767,39496,0.1551,0.0843,42.1714,8.263,37.2344,15.7268,15.137,16.6949,23,0.2965,"rural","Pittsylvania-Danville","23"
"Pittsylvania-Danville","rural","2018",103188,20.6836,20.4801,3.2,31.8206,84.3496,7.3146,18.122,40841.5,9.955,19.4916,48.8242,67.8145,39387,0.1573,0,42.1714,8.263,37.2344,15.7268,15.137,16.6949,23,0.3362,"rural","Pittsylvania-Danville","23"
"Pittsylvania-Danville","rural","2019",102326,21.2204,20.2041,3.3081,31.8492,84.2841,6.8089,18.5794,42446.5,9.0171,18.3124,48.6115,72.4147,39387,0.1573,0,42.1714,8.263,37.2344,15.7268,15.137,16.6949,23,0.1321,"rural","Pittsylvania-Danville","23"
"Portsmouth","urban","2015",96135,13.6392,23.5357,3.6501,52.6343,79.2321,11.0658,18.2304,45676,13.6688,17.0063,40.8528,74.0796,32774,0.1769,0.0904,38.2,6.6,42.9,14.1,14.8,14.2,24,0.9246,"urban","Portsmouth","24"
"Portsmouth","urban","2016",96071,13.7981,23.5409,3.8805,52.6964,78.928,10.3024,18.1505,47050,12.49,17.6004,40.0529,74.0796,31809,0.1839,0.0935,38.2,6.6,42.9,14.1,14.8,14.2,24,0.9807,"urban","Portsmouth","24"
"Portsmouth","urban","2017",95536,13.9675,23.5409,4.0728,52.5906,78.1454,9.1433,17.6723,48727,12.0521,15.952,39.5204,74.0796,31654,0.1903,0.1073,38.2,6.6,42.9,14.1,14.8,14.2,24,0.1148,"urban","Portsmouth","24"
"Portsmouth","urban","2018",95311,14.2198,23.5125,4.308,52.6571,78.7192,8.6142,17.1539,50224,10.9201,15.9497,39.8415,76.4278,31938,0.181,0,38.2,6.6,42.9,14.1,14.8,14.2,24,0.6815,"urban","Portsmouth","24"
"Portsmouth","urban","2019",95097,14.4842,23.4256,4.4607,52.866,78.1088,7.1989,16.7976,52175,10.0317,15.1059,41.4636,79.9505,31938,0.181,0,38.2,6.6,42.9,14.1,14.8,14.2,24,0.9305,"urban","Portsmouth","24"
"Prince William","urban","2015",493639,7.8788,28.0523,22.8527,19.6976,62.3858,5.4679,6.9442,81691.6667,13.7402,6.8081,46.6179,91.424,145541,0.2428,0.1088,30.1022,5.6624,34.6079,10.1618,12.3635,10.4529,25,0.7707,"urban","Prince William","25"
"Prince William","urban","2016",500606,8.2464,27.8902,23.3573,19.8292,61.6164,5.2846,7.2295,82648,13.3331,6.9315,45.9864,91.424,152283,0.2454,0.104,30.1022,5.6624,34.6079,10.1618,12.3635,10.4529,25,0.6309,"urban","Prince William","25"
"Prince William","urban","2017",508259,8.7125,27.5873,23.9256,20.0561,61.2801,5.1691,7.2084,85913.6667,12.6349,6.7014,46.3832,91.424,153108,0.2431,0.1034,30.1022,5.6624,34.6079,10.1618,12.3635,10.4529,25,0.498,"urban","Prince William","25"
"Prince William","urban","2018",514629,9.12,27.4586,24.5365,20.0175,61.0714,4.7405,7.0092,87524.6667,11.9955,6.2377,45.5236,92.8024,156709,0.2389,0,30.1022,5.6624,34.6079,10.1618,12.3635,10.4529,25,0.1273,"urban","Prince William","25"
"Prince William","urban","2019",519583,9.5171,27.1868,25.0668,20.2341,60.2466,4.5102,6.7437,92223.6667,11.6342,5.5215,46.2667,93.8184,156709,0.2389,0,30.1022,5.6624,34.6079,10.1618,12.3635,10.4529,25,0.3478,"urban","Prince William","25"
"Rappahannock","mixed","2015",346513,10.4922,25.8371,8.7988,18.2772,67.8996,6.2141,7.8443,73589.2,10.0905,8.9714,45.6558,86.054,103606,0.2139,0.1014,31.1191,6.4474,32.9326,9.884,12.5846,10.983,26,0.6897,"mixed","Rappahannock","26"
"Rappahannock","mixed","2016",351482,11.0225,25.5578,9.1365,18.2228,67.0798,5.4533,7.902,74577.2,9.2222,8.3855,45.586,86.054,108109,0.2164,0.102,31.1191,6.4474,32.9326,9.884,12.5846,10.983,26,0.0417,"mixed","Rappahannock","26"
"Rappahannock","mixed","2017",354906,11.383,25.3698,9.4966,17.9504,66.1581,4.8711,7.4556,77478.4,8.503,7.8297,47.1316,86.054,110210,0.2121,0.1081,31.1191,6.4474,32.9326,9.884,12.5846,10.983,26,0.609,"mixed","Rappahannock","26"
"Rappahannock","mixed","2018",359967,11.8127,25.1912,9.9495,18.0575,65.2302,4.5594,6.9103,81482.6,7.8069,7.6591,47.724,88.0996,112441,0.2102,0,31.1191,6.4474,32.9326,9.884,12.5846,10.983,26,0.0102,"mixed","Rappahannock","26"
"Rappahannock","mixed","2019",364838,12.1747,25.0048,10.3884,18.1453,65.0671,4.1726,6.5875,84950.8,7.6753,7.3754,49.0669,89.9543,112441,0.2102,0,31.1191,6.4474,32.9326,9.884,12.5846,10.983,26,0.4118,"mixed","Rappahannock","26"
"Rappahannock Rapidan","mixed","2015",171061,16.0574,23.6763,6.4345,10.3776,72.1655,6.2058,8.6501,65683.6,11.5799,8.3584,45.5281,79.1319,49704,0.22,0.1097,34.2372,7.8142,32.0984,11.2874,12.6819,12.6075,27,0.3809,"mixed","Rappahannock Rapidan","27"
"Rappahannock Rapidan","mixed","2016",172388,16.4617,23.5016,6.6484,10.289,71.7918,5.4058,8.086,66133.6,10.8255,8.1055,44.0528,79.1319,51290,0.215,0.1375,34.2372,7.8142,32.0984,11.2874,12.6819,12.6075,27,0.6221,"mixed","Rappahannock Rapidan","27"
"Rappahannock Rapidan","mixed","2017",173933,16.734,23.3728,6.9843,10.2315,70.7355,5.0923,7.8795,69298.4,10.5152,7.5792,45.1345,79.1319,52424,0.2125,0.1473,34.2372,7.8142,32.0984,11.2874,12.6819,12.6075,27,0.4885,"mixed","Rappahannock Rapidan","27"
"Rappahannock Rapidan","mixed","2018",175648,17.1303,23.2408,7.3943,10.1009,70.6597,4.5848,7.4629,72340.2,9.3385,7.4287,45.4919,81.2617,52270,0.216,0,34.2372,7.8142,32.0984,11.2874,12.6819,12.6075,27,0.1444,"mixed","Rappahannock Rapidan","27"
"Rappahannock Rapidan","mixed","2019",177387,17.481,23.0609,7.7435,10.4957,69.955,4.4082,7.0267,76489,9.1249,6.9997,46.1198,83.7037,52270,0.216,0,34.2372,7.8142,32.0984,11.2874,12.6819,12.6075,27,0.3647,"mixed","Rappahannock Rapidan","27"
"Richmond","urban","2015",213735,11.372,18.3704,6.3537,48.62,63.95,9.964,25.5122,40758,16.9164,17.9056,41.2739,71.1793,158318,0.258,0.0736,34.1,5.7,33,12.2,15.4,13.6,28,0.2454,"urban","Richmond","28"
"Richmond","urban","2016",216773,11.5351,18.2131,6.3334,48.6149,63.3089,9.0547,25.4485,41187,15.6921,17.7792,41.1633,71.1793,161372,0.2736,0.071,34.1,5.7,33,12.2,15.4,13.6,28,0.107,"urban","Richmond","28"
"Richmond","urban","2017",220892,12.052,18.0115,6.4932,48.176,62.5392,8.7729,25.1924,42356,14.8549,17.134,41.26,71.1793,163521,0.2665,0.0749,34.1,5.7,33,12.2,15.4,13.6,28,0.2316,"urban","Richmond","28"
"Richmond","urban","2018",223787,12.4364,17.8759,6.6805,47.7749,61.506,7.612,24.5361,45117,13.4138,16.8143,42.0621,73.321,165273,0.2677,0,34.1,5.7,33,12.2,15.4,13.6,28,0.5906,"urban","Richmond","28"
"Richmond","urban","2019",226622,12.8341,17.6311,6.9106,46.8591,60.3633,6.5071,23.2301,47250,11.999,15.9732,43.0463,75.637,165273,0.2677,0,34.1,5.7,33,12.2,15.4,13.6,28,0.1053,"urban","Richmond","28"
"Roanoke","urban","2015",98736,14.7241,21.9727,5.8824,27.7649,76.3749,8.2728,21.2121,39930,15.521,19.8845,48.6727,70.4958,70340,0.1991,0.0541,39.4,7.1,36,13.7,15,15,29,0.7664,"urban","Roanoke","29"
"Roanoke","urban","2016",99329,14.9372,22.0338,5.968,28.2626,77.0955,7.3724,22.2257,39201,15.0398,19.2144,46.8946,70.4958,71958,0.2011,0.0545,39.4,7.1,36,13.7,15,15,29,0.5854,"urban","Roanoke","29"
"Roanoke","urban","2017",99572,15.4381,22.1588,6.0378,28.3493,76.8022,6.5475,21.585,41483,13.6087,19.6891,48.6392,70.4958,72182,0.2021,0.0589,39.4,7.1,36,13.7,15,15,29,0.3003,"urban","Roanoke","29"
"Roanoke","urban","2018",99621,15.8651,21.9432,6.1272,28.7158,76.1517,6.8335,20.5192,43028,12.521,19.0832,48.0547,72.4933,70495,0.2011,0,39.4,7.1,36,13.7,15,15,29,0.9866,"urban","Roanoke","29"
"Roanoke","urban","2019",99229,16.1122,21.8696,6.2714,28.9764,76.577,6.2588,20.7698,44230,10.8288,17.9468,47.7716,75.3666,70495,0.2011,0,39.4,7.1,36,13.7,15,15,29,0.3336,"urban","Roanoke","29"
"Southside","rural","2015",83991,21.1808,19.8009,2.1538,40.0376,84.945,7.8925,20.0013,36505,14.3064,17.3099,35.824,56.0767,26891,0.1362,0.0911,44.7608,8.5255,37.986,16.6054,14.5003,16.543,30,0.8797,"rural","Southside","30"
"Southside","rural","2016",83087,21.995,19.6673,2.1941,39.8943,84.3577,5.9424,18.9911,38633,13.3376,16.9068,39.159,56.0767,26144,0.144,0.084,44.7608,8.5255,37.986,16.6054,14.5003,16.543,30,0.2412,"rural","Southside","30"
"Southside","rural","2017",82424,22.4668,19.5768,2.2688,39.5031,83.7536,5.5006,18.4139,40410,11.723,16.2202,40.4036,56.0767,25833,0.1465,0.0994,44.7608,8.5255,37.986,16.6054,14.5003,16.543,30,0.8798,"rural","Southside","30"
"Southside","rural","2018",82291,23.1265,19.1686,2.3757,39.2036,83.4902,4.8388,17.7156,42080.3333,10.1152,15.2942,39.4716,58.3135,26095,0.1441,0,44.7608,8.5255,37.986,16.6054,14.5003,16.543,30,0.9164,"rural","Southside","30"
"Southside","rural","2019",81800,23.5587,19.1112,2.4389,38.9315,83.1541,4.6879,17.0193,43436.6667,9.5595,14.8125,41.4987,60.8677,26095,0.1441,0,44.7608,8.5255,37.986,16.6054,14.5003,16.543,30,0.9897,"rural","Southside","30"
"Thomas Jefferson","mixed","2015",241988,15.2384,20.2237,4.6304,12.8064,59.3432,5.0136,12.9321,58109.8333,10.6526,7.5387,45.4946,79.1914,109134,0.2536,0.0965,32.3064,7.4008,30.2814,10.4718,12.6187,11.8298,31,0.9271,"mixed","Thomas Jefferson","31"
"Thomas Jefferson","mixed","2016",244137,15.8141,20.0789,4.6658,12.4573,58.9838,4.6392,13.1489,59127.5,10.1629,7.734,45.7389,79.1914,112333,0.2635,0.0995,32.3064,7.4008,30.2814,10.4718,12.6187,11.8298,31,0.2951,"mixed","Thomas Jefferson","31"
"Thomas Jefferson","mixed","2017",246590,16.2282,19.9104,4.8137,12.4677,57.8142,4.3446,12.7383,61450,9.4381,7.4143,46.834,79.1914,114644,0.2594,0.1035,32.3064,7.4008,30.2814,10.4718,12.6187,11.8298,31,0.4786,"mixed","Thomas Jefferson","31"
"Thomas Jefferson","mixed","2018",249281,16.8553,19.6979,4.9394,12.4366,56.6882,4.0352,12.2653,66004.3333,8.759,7.5775,46.0856,81.7542,117876,0.2602,0,32.3064,7.4008,30.2814,10.4718,12.6187,11.8298,31,0.633,"mixed","Thomas Jefferson","31"
"Thomas Jefferson","mixed","2019",251485,17.483,19.5865,4.9884,12.4095,55.5757,3.4854,11.9151,68151.6667,8.1674,6.8394,46.7423,83.5625,117876,0.2602,0,32.3064,7.4008,30.2814,10.4718,12.6187,11.8298,31,0.6755,"mixed","Thomas Jefferson","31"
"Three Rivers","mixed","2015",140931,22.0235,19.1264,2.6474,21.1742,78.6803,6.5,10.4194,53016.1,11.4466,9.6968,45.9168,70.3977,33977,0.1807,0.0833,40.1342,8.9377,32.7349,13.7789,12.9966,14.2996,32,0.8393,"mixed","Three Rivers","32"
"Three Rivers","mixed","2016",140746,22.7324,18.9725,2.5194,20.7501,77.9014,5.0826,10.7112,54173.9,10.5722,9.4175,47.1935,70.3977,34937,0.1808,0.0951,40.1342,8.9377,32.7349,13.7789,12.9966,14.2996,32,0.7562,"mixed","Three Rivers","32"
"Three Rivers","mixed","2017",140610,23.2366,18.7824,2.8334,20.3101,77.6165,4.7433,10.996,55873.4,10.0605,9.2746,44.6027,70.3977,35040,0.1815,0.0948,40.1342,8.9377,32.7349,13.7789,12.9966,14.2996,32,0.0775,"mixed","Three Rivers","32"
"Three Rivers","mixed","2018",140785,23.825,18.6554,2.9591,20.0469,77.3768,4.1546,10.9257,57505.9,9.5672,9.756,45.4071,72.5253,35163,0.1773,0,40.1342,8.9377,32.7349,13.7789,12.9966,14.2996,32,0.1337,"mixed","Three Rivers","32"
"Three Rivers","mixed","2019",140962,24.3363,18.4262,3.3357,19.9586,76.9043,4.2802,11.6381,59484.8,8.1966,9.9816,44.8125,74.9635,35163,0.1773,0,40.1342,8.9377,32.7349,13.7789,12.9966,14.2996,32,0.5103,"mixed","Three Rivers","32"
"Virginia Beach","urban","2015",448290,11.8091,23.0732,7.5059,19.3083,66.1523,5.5248,8.3076,66634,9.9501,7.4313,44.2687,86.8206,175032,0.1997,0.1059,29.2,6.5,31.3,10.1,13.1,10.9,33,0.8652,"urban","Virginia Beach","33"
"Virginia Beach","urban","2016",449733,12.2866,22.8553,7.6463,19.1016,65.7577,5.2408,8.1979,67719,9.3543,7.4151,45.5477,86.8206,179041,0.2043,0.0993,29.2,6.5,31.3,10.1,13.1,10.9,33,0.9507,"urban","Virginia Beach","33"
"Virginia Beach","urban","2017",450057,12.7404,22.6176,7.8335,19.038,65.1727,4.8213,8.0421,70500,8.9018,7.1525,46.8475,86.8206,180836,0.203,0.1005,29.2,6.5,31.3,10.1,13.1,10.9,33,0.5243,"urban","Virginia Beach","33"
"Virginia Beach","urban","2018",450135,13.2258,22.4493,8.0072,19.0454,64.8168,4.416,7.628,74186,8.2154,6.8994,47.7617,87.9585,182731,0.2039,0,29.2,6.5,31.3,10.1,13.1,10.9,33,0.1583,"urban","Virginia Beach","33"
"Virginia Beach","urban","2019",450201,13.7281,22.2827,8.1708,19.0157,63.9874,4.1523,7.3221,76610,7.6057,6.2624,49.5378,90.021,182731,0.2039,0,29.2,6.5,31.3,10.1,13.1,10.9,33,0.1759,"urban","Virginia Beach","33"
"West Piedmont","mixed","2015",140783,20.9521,19.9776,3.7867,16.9765,84.2194,8.354,17.823,36433,13.96,17.3347,43.5567,66.0761,44504,0.1539,0.0768,42.1383,8.7614,36.3946,15.4685,14.9078,16.8046,34,0.6946,"mixed","West Piedmont","34"
"West Piedmont","mixed","2016",140170,21.4632,19.8859,3.8296,16.8602,83.9161,7.9624,18.1185,37857.5,13.0386,17.0482,45.6847,66.0761,45411,0.1499,0.0836,42.1383,8.7614,36.3946,15.4685,14.9078,16.8046,34,0.0711,"mixed","West Piedmont","34"
"West Piedmont","mixed","2017",139447,22.0119,19.7294,3.8689,16.625,83.138,7.0092,18.02,39822.25,11.9027,16.7197,46.6715,66.0761,46272,0.1519,0.0881,42.1383,8.7614,36.3946,15.4685,14.9078,16.8046,34,0.2679,"mixed","West Piedmont","34"
"West Piedmont","mixed","2018",138781,22.6724,19.672,3.976,16.6485,83.1885,6.5323,19.0153,40758,11.2993,16.3487,44.8038,69.0436,46725,0.1477,0,42.1383,8.7614,36.3946,15.4685,14.9078,16.8046,34,0.0046,"mixed","West Piedmont","34"
"West Piedmont","mixed","2019",138095,23.129,19.5641,4.0972,16.48,82.0804,5.9688,16.6618,42912.5,9.8854,14.7664,46.2707,72.1836,46725,0.1477,0,42.1383,8.7614,36.3946,15.4685,14.9078,16.8046,34,0.7036,"mixed","West Piedmont","34"
"Western Tidewater","mixed","2015",148791,14.3886,23.6311,2.9095,37.4546,74.9953,8.0636,12.61,53150.25,10.4368,15.3878,41.1555,74.577,44968,0.1747,0.0969,37.7053,7.3034,37.8909,13.1913,13.3408,13.4135,35,0.9238,"mixed","Western Tidewater","35"
"Western Tidewater","mixed","2016",149792,14.8593,23.4846,3.0382,37.3778,74.8146,7.5406,12.0401,55408.75,9.2634,14.8869,43.1242,74.577,46015,0.1755,0.0914,37.7053,7.3034,37.8909,13.1913,13.3408,13.4135,35,0.1052,"mixed","Western Tidewater","35"
"Western Tidewater","mixed","2017",150570,15.1777,23.2789,3.2344,37.0632,73.9891,6.7796,11.351,57074.25,8.0856,14.3778,44.3228,74.577,46805,0.1716,0.0891,37.7053,7.3034,37.8909,13.1913,13.3408,13.4135,35,0.2674,"mixed","Western Tidewater","35"
"Western Tidewater","mixed","2018",151682,15.6189,23.101,3.4322,36.8251,73.5397,6.7122,10.8278,59256.5,7.3467,13.6733,44.4694,76.563,47976,0.1682,0,37.7053,7.3034,37.8909,13.1913,13.3408,13.4135,35,0.5164,"mixed","Western Tidewater","35"
"Western Tidewater","mixed","2019",152747,16.1195,22.9615,3.5654,36.8308,73.0674,6.2623,10.4809,62660,6.4099,13.0225,43.9069,79.4901,47976,0.1682,0,37.7053,7.3034,37.8909,13.1913,13.3408,13.4135,35,0.2677,"mixed","Western Tidewater","35"
